Start date;Stop date;Network;Fleet;report_ev;Group;User;Charging Station;City;Duration (min);Total Energy (kWh);CO2 Emitted;Duration after charging session (min);Charging duration (min);Roaming cost/time (€);Roaming cost/energy (€);Activation fee;Tariff per kWh;Tariff per min;Tariff during charging session (€/min);Tariff after charging session (€/min);MOBIE CEME tariff (€);MOBIE CEME total (€);MOBIE TAR total (€);MOBIE CPO total (€);MOBIE E-mobility support (€);MOBIE EGME total (€);MOBIE IEC total (€);Cost excl. IVA;VAT rate (%);Cost incl. IVA;Status
05/31/2023 | 13:46;05/31/2023 | 19:08;EVIO;Frota Capwatt;AA-99-AA;Others;José Silva;CAP_SON_MAI_00010;Moreira;321,983;19,2;0;0;321,983;-;-;-;-;0,015;-;0,005;-;-;-;-;-;-;-;4,83;23;5,94;TOPROCESS
05/31/2023 | 13:46;05/31/2023 | 13:46;EVIO;Frota Capwatt;AA-99-AA;Others;José Silva;CAP_SON_MAI_00010;Moreira;0,1;0;0;0;0,1;-;-;-;-;0,015;-;0,005;-;-;-;-;-;-;-;0;23;0;TOPROCESS
05/30/2023 | 09:32;05/30/2023 | 13:29;EVIO;Frota Capwatt;AA-99-AA;Others;José Silva;CAP_SON_MAI_00004;Maia;237,1;45,13;0;0;237,1;-;-;-;-;0,02;-;-;-;-;-;-;-;-;-;4,74;23;5,83;TOPROCESS
05/26/2023 | 18:51;05/26/2023 | 19:13;EVIO;Frota Capwatt;AA-99-AA;Others;José Silva;CAP_SON_MAI_00002;Maia;22,55;28,57;0;0;22,55;-;-;-;-;0,02;-;-;-;-;-;-;-;-;-;0,45;23;0,55;TOPROCESS
05/24/2023 | 18:42;05/24/2023 | 19:17;EVIO;Frota Capwatt;AA-99-AA;Others;José Silva;CAP_SON_MAI_00002;Maia;35,3;25,98;0;0;35,3;-;-;-;-;0,02;-;-;-;-;-;-;-;-;-;0,71;23;0,87;TOPROCESS
05/08/2023 | 08:38;05/08/2023 | 12:58;EVIO;Frota Capwatt;AA-99-AA;Others;José Silva;CAP_SON_MAI_00004;Maia;260,017;47,33;0;0;260,017;-;-;-;-;0,02;-;-;-;-;-;-;-;-;-;5,2;23;6,4;TOPROCESS
05/02/2023 | 09:38;05/02/2023 | 13:27;EVIO;Frota Capwatt;AA-99-AA;Others;José Silva;CAP_SON_MAI_00004;Maia;229,267;43,58;0;0;229,267;-;-;-;-;0,02;-;-;-;-;-;-;-;-;-;4,59;23;5,65;TOPROCESS
05/02/2023 | 08:42;05/02/2023 | 09:06;EVIO;Frota Capwatt;AA-99-AA;Others;José Silva;CAP_SON_MAI_00004;Maia;24,567;4,32;0;0;24,567;-;-;-;-;0,02;-;-;-;-;-;-;-;-;-;0,49;23;0,6;TOPROCESS
04/26/2023 | 08:32;04/26/2023 | 13:19;EVIO;Frota Capwatt;AA-99-AA;Others;José Silva;CAP_SON_MAI_00004;Maia;287,367;53,18;0;0;287,367;-;-;-;-;0,02;-;-;-;-;-;-;-;-;-;5,75;23;7,07;TOPROCESS
04/26/2023 | 08:28;04/26/2023 | 08:28;EVIO;Frota Capwatt;AA-99-AA;Others;José Silva;CAP_SON_MAI_00010;Moreira;0,067;0;0;0;0,067;-;-;-;-;0,015;-;0,005;-;-;-;-;-;-;-;0;23;0;TOPROCESS
04/20/2023 | 08:42;04/20/2023 | 13:29;EVIO;Frota Capwatt;AA-99-AA;Others;José Silva;CAP_SON_MAI_00004;Maia;286,133;53,17;0;0;286,133;-;-;-;-;0,02;-;-;-;-;-;-;-;-;-;5,72;23;7,04;TOPROCESS
04/19/2023 | 13:42;04/19/2023 | 15:24;EVIO;Frota Capwatt;AA-99-AA;Others;José Silva;CAP_SON_MAI_00004;Maia;101,333;17,95;0;0;101,333;-;-;-;-;0,02;-;-;-;-;-;-;-;-;-;2,03;23;2,5;TOPROCESS
04/18/2023 | 08:34;04/18/2023 | 10:55;EVIO;Frota Capwatt;AA-99-AA;Others;José Silva;CAP_SON_MAI_00004;Maia;140,85;26,26;0;0;140,85;-;-;-;-;0,02;-;-;-;-;-;-;-;-;-;2,82;23;3,47;TOPROCESS
04/17/2023 | 19:41;04/17/2023 | 19:56;EVIO;Frota Capwatt;AA-99-AA;Others;José Silva;CAP_SON_MAI_00002;Maia;15,2;17,35;0;0;15,2;-;-;-;-;0,02;-;-;-;-;-;-;-;-;-;0,3;23;0,37;TOPROCESS
04/11/2023 | 08:07;04/11/2023 | 13:10;EVIO;Frota Capwatt;AA-99-AA;Others;José Silva;CAP_SON_MAI_00010;Moreira;303,083;49,16;0;0;303,083;-;-;-;-;0,015;-;0,005;-;-;-;-;-;-;-;4,55;23;5,6;TOPROCESS
04/05/2023 | 08:31;04/05/2023 | 19:38;EVIO;Frota Capwatt;AA-99-AA;Others;José Silva;CAP_SON_MAI_00001;Maia;666,9;48;0;0;666,9;-;-;-;-;0,02;-;-;-;-;-;-;-;-;-;13,34;23;16,41;TOPROCESS
03/29/2023 | 18:58;03/29/2023 | 19:23;EVIO;Frota Capwatt;AA-99-AA;Others;José Silva;CAP_SON_MAI_00002;Maia;25,367;8;0;0;25,367;-;-;-;-;0,02;-;-;-;-;-;-;-;-;-;0,51;23;0,63;TOPROCESS
03/29/2023 | 14:45;03/29/2023 | 18:57;EVIO;Frota Capwatt;AA-99-AA;Others;José Silva;CAP_SON_MAI_00004;Maia;251,567;46,07;0;0;251,567;-;-;-;-;0,02;-;-;-;-;-;-;-;-;-;5,03;23;6,19;TOPROCESS
03/27/2023 | 20:15;03/27/2023 | 20:35;EVIO;Frota Capwatt;AA-99-AA;Others;José Silva;CAP_SON_MAI_00002;Maia;19,783;21,42;0;0;19,783;-;-;-;-;0,02;-;-;-;-;-;-;-;-;-;0,4;23;0,49;TOPROCESS
03/25/2023 | 08:54;03/25/2023 | 09:02;EVIO;Frota Capwatt;AA-99-AA;Others;José Silva;CAP_SON_MAI_00002;Maia;8,15;3,65;0;0;8,15;-;-;-;-;0,02;-;-;-;-;-;-;-;-;-;0,16;23;0,2;TOPROCESS
03/25/2023 | 08:24;03/25/2023 | 08:53;EVIO;Frota Capwatt;AA-99-AA;Others;José Silva;CAP_SON_MAI_00002;Maia;29,35;44,63;0;0;29,35;-;-;-;-;0,02;-;-;-;-;-;-;-;-;-;0,59;23;0,73;TOPROCESS
03/20/2023 | 13:23;03/20/2023 | 14:22;EVIO;Frota Capwatt;AA-99-AA;Others;José Silva;CAP_SON_MAI_00004;Maia;58,817;9,64;0;0;58,817;-;-;-;-;0,02;-;-;-;-;-;-;-;-;-;1,18;23;1,45;TOPROCESS
03/20/2023 | 10:41;03/20/2023 | 11:14;EVIO;Frota Capwatt;AA-99-AA;Others;José Silva;CAP_SON_MAI_00002;Maia;32,433;44,21;0;0;32,433;-;-;-;-;0,02;-;-;-;-;-;-;-;-;-;0,65;23;0,8;TOPROCESS
03/17/2023 | 08:13;03/17/2023 | 12:17;EVIO;Frota Capwatt;AA-99-AA;Others;José Silva;CAP_SON_MAI_00004;Maia;243,683;43,61;0;0;243,683;-;-;-;-;0,02;-;-;-;-;-;-;-;-;-;4,87;23;5,99;TOPROCESS
03/15/2023 | 13:53;03/15/2023 | 20:04;EVIO;Frota Capwatt;AA-99-AA;Others;José Silva;CAP_SON_MAI_00001;Maia;371,467;23,8;0;0;371,467;-;-;-;-;0,02;-;-;-;-;-;-;-;-;-;7,43;23;9,14;TOPROCESS
03/14/2023 | 08:50;03/14/2023 | 13:58;EVIO;Frota Capwatt;AA-99-AA;Others;José Silva;CAP_SON_MAI_00010;Moreira;307,767;7,85;0;0;307,767;-;-;-;-;0,015;-;0,005;-;-;-;-;-;-;-;4,62;23;5,68;TOPROCESS
03/09/2023 | 19:46;03/09/2023 | 20:15;EVIO;Frota Capwatt;AA-99-AA;Others;José Silva;CAP_SON_MAI_00002;Maia;28,267;34,96;0;0;28,267;-;-;-;-;0,02;-;-;-;-;-;-;-;-;-;0,57;23;0,7;TOPROCESS
03/09/2023 | 08:36;03/09/2023 | 11:09;EVIO;Frota Capwatt;AA-99-AA;Others;José Silva;CAP_SON_MAI_00004;Maia;153,083;26,52;0;0;153,083;-;-;-;-;0,02;-;-;-;-;-;-;-;-;-;3,06;23;3,76;TOPROCESS
03/09/2023 | 08:24;03/09/2023 | 08:35;EVIO;Frota Capwatt;AA-99-AA;Others;José Silva;CAP_SON_MAI_00002;Maia;10,533;15,83;0;0;10,533;-;-;-;-;0,02;-;-;-;-;-;-;-;-;-;0,21;23;0,26;TOPROCESS
03/09/2023 | 08:22;03/09/2023 | 08:24;EVIO;Frota Capwatt;AA-99-AA;Others;José Silva;CAP_SON_MAI_00004;Maia;1,8;0,1;0;0;1,8;-;-;-;-;0,02;-;-;-;-;-;-;-;-;-;0,04;23;0,05;TOPROCESS
03/08/2023 | 13:14;03/08/2023 | 14:01;EVIO;Frota Capwatt;AA-99-AA;Others;José Silva;CAP_SON_MAI_00002;Maia;47,533;35,95;0;0;47,533;-;-;-;-;0,02;-;-;-;-;-;-;-;-;-;0,95;23;1,17;TOPROCESS
03/08/2023 | 13:11;03/08/2023 | 13:12;EVIO;Frota Capwatt;AA-99-AA;Others;José Silva;CAP_SON_MAI_00004;Maia;0,867;0,04;0;0;0,867;-;-;-;-;0,02;-;-;-;-;-;-;-;-;-;0,02;23;0,02;TOPROCESS
03/08/2023 | 13:11;03/08/2023 | 13:11;EVIO;Frota Capwatt;AA-99-AA;Others;José Silva;CAP_SON_MAI_00004;Maia;0,15;0;0;0;0,15;-;-;-;-;0,02;-;-;-;-;-;-;-;-;-;0;23;0;TOPROCESS
02/28/2023 | 09:19;02/28/2023 | 10:07;EVIO;Frota Capwatt;AA-99-AA;Others;José Silva;CAP_SON_MAI_00002;Maia;47,867;48,04;0;0;47,867;-;-;-;-;0,02;-;-;-;-;-;-;-;-;-;0,96;23;1,18;TOPROCESS
02/15/2023 | 13:53;02/15/2023 | 19:29;EVIO;Frota Capwatt;AA-99-AA;Others;José Silva;CAP_SON_MAI_00010;Moreira;336,067;42,31;0;0;336,067;-;-;-;-;0,015;-;0,005;-;-;-;-;-;-;-;5,04;23;6,2;TOPROCESS
02/14/2023 | 08:38;02/14/2023 | 12:48;EVIO;Frota Capwatt;AA-99-AA;Others;José Silva;CAP_SON_MAI_00003;Maia;250,7;10,811;0;0;250,7;-;-;-;-;0,02;-;-;-;-;-;-;-;-;-;5,01;23;6,16;TOPROCESS
02/13/2023 | 08:31;02/13/2023 | 12:59;EVIO;Frota Capwatt;AA-99-AA;Others;José Silva;CAP_SON_MAI_00010;Moreira;268,833;46,69;0;0;268,833;-;-;-;-;0,015;-;0,005;-;-;-;-;-;-;-;4,03;23;4,96;TOPROCESS
02/13/2023 | 08:29;02/13/2023 | 08:29;EVIO;Frota Capwatt;AA-99-AA;Others;José Silva;CAP_SON_MAI_00010;Moreira;0,217;0;0;0;0,217;-;-;-;-;0,015;-;0,005;-;-;-;-;-;-;-;0;23;0;TOPROCESS
02/03/2023 | 08:08;02/03/2023 | 10:31;EVIO;Frota Capwatt;AA-99-AA;Others;José Silva;CAP_SON_MAI_00004;Maia;143,1;23,82;0;0;143,1;-;-;-;-;0,02;-;-;-;-;-;-;-;-;-;2,86;23;3,52;TOPROCESS
02/01/2023 | 08:50;02/01/2023 | 12:42;EVIO;Frota Capwatt;AA-99-AA;Others;José Silva;CAP_SON_MAI_00004;Maia;232,767;41,44;0;0;232,767;-;-;-;-;0,02;-;-;-;-;-;-;-;-;-;4,66;23;5,73;TOPROCESS
02/01/2023 | 08:48;02/01/2023 | 08:49;EVIO;Frota Capwatt;AA-99-AA;Others;José Silva;CAP_SON_MAI_00004;Maia;1,017;0,04;0;0;1,017;-;-;-;-;0,02;-;-;-;-;-;-;-;-;-;0,02;23;0,02;TOPROCESS
01/30/2023 | 08:23;01/30/2023 | 11:21;EVIO;Frota Capwatt;AA-99-AA;Others;José Silva;CAP_SON_MAI_00010;Moreira;178,533;31,92;0;0;178,533;-;-;-;-;0,015;-;0,005;-;-;-;-;-;-;-;2,68;23;3,3;TOPROCESS
01/24/2023 | 08:37;01/24/2023 | 18:52;EVIO;Frota Capwatt;AA-99-AA;Others;José Silva;CAP_SON_MAI_00003;Maia;468,267;55,51;0;0;468,267;-;-;-;-;0,02;-;-;-;-;-;-;-;-;-;9,37;23;11,53;TOPROCESS
01/13/2023 | 13:49;01/13/2023 | 15:16;EVIO;Frota Capwatt;AA-99-AA;Others;José Silva;CAP_SON_MAI_00010;Moreira;87,15;6,63;0;0;87,15;-;-;-;-;0,015;-;0,005;-;-;-;-;-;-;-;1,31;23;1,61;TOPROCESS
01/11/2023 | 08:57;01/11/2023 | 17:37;EVIO;Frota Capwatt;AA-99-AA;Others;José Silva;CAP_SON_MAI_00010;Moreira;520,333;42,08;0;0;520,333;-;-;-;-;0,015;-;0,005;-;-;-;-;-;-;-;7,81;23;9,61;TOPROCESS
01/10/2023 | 08:18;01/10/2023 | 11:24;EVIO;Frota Capwatt;AA-99-AA;Others;José Silva;CAP_SON_MAI_00004;Maia;185,367;32,55;0;0;185,367;-;-;-;-;0,02;-;-;-;-;-;-;-;-;-;3,71;23;4,56;TOPROCESS
01/09/2023 | 18:19;01/09/2023 | 18:57;EVIO;Frota Capwatt;AA-99-AA;Others;José Silva;CAP_SON_MAI_00010;Moreira;38,217;7,04;0;0;38,217;-;-;-;-;0,015;-;0,005;-;-;-;-;-;-;-;0,57;23;0,7;TOPROCESS
01/09/2023 | 08:23;01/09/2023 | 11:22;EVIO;Frota Capwatt;AA-99-AA;Others;José Silva;CAP_SON_MAI_00001;Maia;178,617;20,52;0;0;178,617;-;-;-;-;0,02;-;-;-;-;-;-;-;-;-;3,57;23;4,39;TOPROCESS
01/06/2023 | 18:16;01/06/2023 | 18:45;EVIO;Frota Capwatt;AA-99-AA;Others;José Silva;CAP_SON_MAI_00002;Maia;28,767;24,12;0;0;28,767;-;-;-;-;0,02;-;-;-;-;-;-;-;-;-;0,58;23;0,71;TOPROCESS
01/04/2023 | 14:59;01/04/2023 | 18:22;EVIO;Frota Capwatt;AA-99-AA;Others;José Silva;CAP_SON_MAI_00001;Maia;202,55;14,62;0;0;202,55;-;-;-;-;0,02;-;-;-;-;-;-;-;-;-;4,05;23;4,98;TOPROCESS
01/03/2023 | 14:16;01/03/2023 | 19:14;EVIO;Frota Capwatt;AA-99-AA;Others;José Silva;CAP_SON_MAI_00010;Moreira;298,067;46,44;0;0;298,067;-;-;-;-;0,015;-;0,005;-;-;-;-;-;-;-;4,47;23;5,5;TOPROCESS
12/27/2022 | 14:57;12/27/2022 | 18:29;EVIO;Frota Capwatt;AA-99-AA;Others;José Silva;CAP_SON_MAI_00001;Maia;212,2;17,02;4,2321;0;212,2;-;-;-;-;0,02;-;-;-;-;-;-;-;-;-;4,24;23;5,22;TOPROCESS
12/27/2022 | 09:42;12/27/2022 | 10:35;EVIO;Frota Capwatt;AA-99-AA;Others;José Silva;CAP_SON_MAI_00002;Maia;52,717;46,53;11,5698;0;52,717;-;-;-;-;0,02;-;-;-;-;-;-;-;-;-;1,05;23;1,29;TOPROCESS
12/21/2022 | 13:13;12/21/2022 | 17:48;EVIO;Frota Capwatt;AA-99-AA;Others;José Silva;CAP_SON_MAI_00004;Maia;275,133;49,82;12,3879;0;275,133;-;-;-;-;0,02;-;-;-;-;-;-;-;-;-;5,5;23;6,77;TOPROCESS
12/19/2022 | 11:12;12/19/2022 | 11:58;EVIO;Frota Capwatt;AA-99-AA;Others;José Silva;CAP_SON_MAI_00002;Maia;45,5;44,59;11,0875;0;45,5;-;-;-;-;0,02;-;-;-;-;-;-;-;-;-;0,91;23;1,12;TOPROCESS
12/16/2022 | 08:27;12/16/2022 | 12:18;EVIO;Frota Capwatt;AA-99-AA;Others;José Silva;CAP_SON_MAI_00004;Maia;230,083;41,08;10,2147;0;230,083;-;-;-;-;0,02;-;-;-;-;-;-;-;-;-;4,6;23;5,66;TOPROCESS
12/14/2022 | 08:18;12/14/2022 | 11:12;EVIO;Frota Capwatt;AA-99-AA;Others;José Silva;CAP_SON_MAI_00001;Maia;173,15;5,61;1,3949;0;173,15;-;-;-;-;0,02;-;-;-;-;-;-;-;-;-;3,46;23;4,26;TOPROCESS
12/13/2022 | 13:26;12/13/2022 | 19:57;EVIO;Frota Capwatt;AA-99-AA;Others;José Silva;CAP_SON_MAI_00001;Maia;390,967;35,16;8,7427;0;390,967;-;-;-;-;0,02;-;-;-;-;-;-;-;-;-;7,82;23;9,62;TOPROCESS
12/13/2022 | 11:14;12/13/2022 | 12:07;EVIO;Frota Capwatt;AA-99-AA;Others;José Silva;CAP_SON_MAI_00001;Maia;52,617;6,05;1,5044;0;52,617;-;-;-;-;0,02;-;-;-;-;-;-;-;-;-;1,05;23;1,29;TOPROCESS
12/13/2022 | 08:47;12/13/2022 | 10:07;EVIO;Frota Capwatt;AA-99-AA;Others;José Silva;CAP_SON_MAI_00001;Maia;80,65;9,05;2,2503;0;80,65;-;-;-;-;0,02;-;-;-;-;-;-;-;-;-;1,61;23;1,98;TOPROCESS
12/06/2022 | 17:27;12/06/2022 | 17:45;EVIO;Frota Capwatt;AA-99-AA;Others;José Silva;CAP_SON_MAI_00002;Maia;18,417;5,96;1,482;0;18,417;-;-;-;-;0,02;-;-;-;-;-;-;-;-;-;0,37;23;0,46;TOPROCESS
12/06/2022 | 09:23;12/06/2022 | 10:19;EVIO;Frota Capwatt;AA-99-AA;Others;José Silva;CAP_SON_MAI_00002;Maia;56,45;48,11;11,9627;0;56,45;-;-;-;-;0,02;-;-;-;-;-;-;-;-;-;1,13;23;1,39;TOPROCESS
11/30/2022 | 08:51;11/30/2022 | 18:49;EVIO;Frota Capwatt;AA-99-AA;Others;José Silva;CAP_SON_MAI_00001;Maia;598,733;49,44;12,2934;0;598,733;-;-;-;-;0,02;-;-;-;-;-;-;-;-;-;11,97;23;14,72;TOPROCESS
11/24/2022 | 16:03;11/24/2022 | 19:04;EVIO;Frota Capwatt;AA-99-AA;Others;José Silva;CAP_SON_MAI_00010;Moreira;181,833;31,04;7,7182;0;181,833;-;-;-;-;0,015;-;0,005;-;-;-;-;-;-;-;2,73;23;3,36;TOPROCESS
11/24/2022 | 08:15;11/24/2022 | 08:38;EVIO;Frota Capwatt;AA-99-AA;Others;José Silva;CAP_SON_MAI_00002;Maia;22,9;37,61;9,3519;0;22,9;-;-;-;-;0,02;-;-;-;-;-;-;-;-;-;0,46;23;0,57;TOPROCESS
11/22/2022 | 08:21;11/22/2022 | 13:33;EVIO;Frota Capwatt;AA-99-AA;Others;José Silva;CAP_SON_MAI_00001;Maia;311,833;21,25;5,2839;0;311,833;-;-;-;-;0,02;-;-;-;-;-;-;-;-;-;6,24;23;7,68;TOPROCESS
11/21/2022 | 08:42;11/21/2022 | 12:45;EVIO;Frota Capwatt;AA-99-AA;Others;José Silva;CAP_SON_MAI_00010;Moreira;243,1;44,19;10,988;0;243,1;-;-;-;-;0,015;-;0,005;-;-;-;-;-;-;-;3,65;23;4,49;TOPROCESS
11/18/2022 | 08:27;11/18/2022 | 12:01;EVIO;Frota Capwatt;AA-99-AA;Others;José Silva;CAP_SON_MAI_00004;Maia;213,817;38,57;9,5906;0;213,817;-;-;-;-;0,02;-;-;-;-;-;-;-;-;-;4,28;23;5,26;TOPROCESS
11/15/2022 | 17:50;11/15/2022 | 18:28;EVIO;Frota Capwatt;AA-99-AA;Others;José Silva;CAP_SON_MAI_00004;Maia;37,95;7,13;1,7729;0;37,95;-;-;-;-;0,02;-;-;-;-;-;-;-;-;-;0,76;23;0,93;TOPROCESS
11/15/2022 | 17:49;11/15/2022 | 17:49;EVIO;Frota Capwatt;AA-99-AA;Others;José Silva;CAP_SON_MAI_00004;Maia;0,65;0;0;0;0,65;-;-;-;-;0,02;-;-;-;-;-;-;-;-;-;0,01;23;0,01;TOPROCESS
11/14/2022 | 08:26;11/14/2022 | 15:53;EVIO;Frota Capwatt;AA-99-AA;Others;José Silva;CAP_SON_MAI_00010;Moreira;446,683;45,04;11,1994;0;446,683;-;-;-;-;0,015;-;0,005;-;-;-;-;-;-;-;6,7;23;8,24;TOPROCESS
11/10/2022 | 08:15;11/10/2022 | 13:34;EVIO;Frota Capwatt;AA-99-AA;Others;José Silva;CAP_SON_MAI_00001;Maia;318,933;21,77;5,4132;0;318,933;-;-;-;-;0,02;-;-;-;-;-;-;-;-;-;6,38;23;7,85;TOPROCESS
11/04/2022 | 13:42;11/04/2022 | 18:49;EVIO;Frota Capwatt;AA-99-AA;Others;José Silva;CAP_SON_MAI_00001;Maia;307,15;20,49;5,0949;0;307,15;-;-;-;-;0,02;-;-;-;-;-;-;-;-;-;6,14;23;7,55;TOPROCESS
11/02/2022 | 08:42;11/02/2022 | 15:59;EVIO;Frota Capwatt;AA-99-AA;Others;José Silva;CAP_SON_MAI_00001;Maia;436,9;42,05;10,4559;0;436,9;-;-;-;-;0,02;-;-;-;-;-;-;-;-;-;8,74;23;10,75;TOPROCESS
10/28/2022 | 09:44;10/28/2022 | 10:29;EVIO;Frota Capwatt;AA-99-AA;Others;José Silva;CAP_SON_MAI_00002;Maia;45,783;34,8;8,6531;0;45,783;-;-;-;-;0,02;-;-;-;-;-;-;-;-;-;0,92;23;1,13;TOPROCESS
10/27/2022 | 22:09;10/27/2022 | 22:23;EVIO;Frota Capwatt;AA-99-AA;Others;José Silva;CAP_SON_MAI_00002;Maia;14,4;29,81;7,4124;0;14,4;-;-;-;-;0,02;-;-;-;-;-;-;-;-;-;0,29;23;0,36;TOPROCESS
10/27/2022 | 22:03;10/27/2022 | 22:07;EVIO;Frota Capwatt;AA-99-AA;Others;José Silva;CAP_SON_MAI_00010;Moreira;4,583;0,74;0,184;0;4,583;-;-;-;-;0,015;-;0,005;-;-;-;-;-;-;-;0,07;23;0,09;TOPROCESS
10/27/2022 | 13:18;10/27/2022 | 14:21;EVIO;Frota Capwatt;AA-99-AA;Others;José Silva;CAP_SON_MAI_00004;Maia;62,9;10,62;2,6407;0;62,9;-;-;-;-;0,02;-;-;-;-;-;-;-;-;-;1,26;23;1,55;TOPROCESS
10/27/2022 | 13:18;10/27/2022 | 13:18;EVIO;Frota Capwatt;AA-99-AA;Others;José Silva;CAP_SON_MAI_00004;Maia;0,15;0;0;0;0,15;-;-;-;-;0,02;-;-;-;-;-;-;-;-;-;0;23;0;TOPROCESS
10/26/2022 | 16:35;10/26/2022 | 17:14;EVIO;Frota Capwatt;AA-99-AA;Others;José Silva;CAP_SON_MAI_00002;Maia;39,067;39,86;9,9113;0;39,067;-;-;-;-;0,02;-;-;-;-;-;-;-;-;-;0,78;23;0,96;TOPROCESS
10/25/2022 | 08:19;10/25/2022 | 14:09;EVIO;Frota Capwatt;AA-99-AA;Others;José Silva;CAP_SON_MAI_00010;Moreira;350,15;28,05;6,9747;0;350,15;-;-;-;-;0,015;-;0,005;-;-;-;-;-;-;-;5,25;23;6,46;TOPROCESS
10/23/2022 | 09:10;10/23/2022 | 09:30;EVIO;Frota Capwatt;AA-99-AA;Others;José Silva;CAP_SON_MAI_00002;Maia;20,167;34,56;8,5935;0;20,167;-;-;-;-;0,02;-;-;-;-;-;-;-;-;-;0,4;23;0,49;TOPROCESS
10/21/2022 | 08:44;10/21/2022 | 15:08;EVIO;Frota Capwatt;AA-99-AA;Others;José Silva;CAP_SON_MAI_00001;Maia;383,867;41,41;10,2967;0;383,867;-;-;-;-;0,02;-;-;-;-;-;-;-;-;-;7,68;23;9,45;TOPROCESS
10/13/2022 | 14:03;10/13/2022 | 20:00;EVIO;Frota Capwatt;AA-99-AA;Others;José Silva;CAP_SON_MAI_00010;Moreira;356,7;33,02;8,2105;0;356,7;-;-;-;-;0,015;-;0,005;-;-;-;-;-;-;-;5,35;23;6,58;TOPROCESS
10/13/2022 | 08:24;10/13/2022 | 12:47;EVIO;Frota Capwatt;AA-99-AA;Others;José Silva;CAP_SON_MAI_00010;Moreira;262,667;43,69;10,8637;0;262,667;-;-;-;-;0,015;-;0,005;-;-;-;-;-;-;-;3,94;23;4,85;TOPROCESS
10/13/2022 | 08:23;10/13/2022 | 08:23;EVIO;Frota Capwatt;AA-99-AA;Others;José Silva;CAP_SON_MAI_00010;Moreira;0,1;0;0;0;0,1;-;-;-;-;0,015;-;0,005;-;-;-;-;-;-;-;0;23;0;TOPROCESS
10/10/2022 | 18:52;10/10/2022 | 19:16;EVIO;Frota Capwatt;AA-99-AA;Others;José Silva;CAP_SON_MAI_00002;Maia;24,533;20,02;4,978;0;24,533;-;-;-;-;0,02;-;-;-;-;-;-;-;-;-;0,49;23;0,6;TOPROCESS
10/07/2022 | 08:12;10/07/2022 | 13:56;EVIO;Frota Capwatt;AA-99-AA;Others;José Silva;CAP_SON_MAI_00001;Maia;343,633;32,25;8,0191;0;343,633;-;-;-;-;0,02;-;-;-;-;-;-;-;-;-;6,87;23;8,45;TOPROCESS
10/06/2022 | 17:03;10/06/2022 | 19:01;EVIO;Frota Capwatt;AA-99-AA;Others;José Silva;CAP_SON_MAI_00004;Maia;117,983;21,64;5,3809;0;117,983;-;-;-;-;0,02;-;-;-;-;-;-;-;-;-;2,36;23;2,9;TOPROCESS
10/06/2022 | 08:36;10/06/2022 | 08:58;EVIO;Frota Capwatt;AA-99-AA;Others;José Silva;CAP_SON_MAI_00002;Maia;21,9;33,51;8,3324;0;21,9;-;-;-;-;0,02;-;-;-;-;-;-;-;-;-;0,44;23;0,54;TOPROCESS
10/04/2022 | 13:41;10/04/2022 | 14:22;EVIO;Frota Capwatt;AA-99-AA;Others;José Silva;CAP_SON_MAI_00002;Maia;40,967;48,61;12,087;0;40,967;-;-;-;-;0,02;-;-;-;-;-;-;-;-;-;0,82;23;1,01;TOPROCESS
09/29/2022 | 12:45;09/29/2022 | 19:34;EVIO;Frota Capwatt;AA-99-AA;Others;José Silva;CAP_SON_MAI_00001;Maia;409,05;42,59;10,5902;0;409,05;-;-;-;-;0,02;-;-;-;-;-;-;-;-;-;8,18;23;10,06;TOPROCESS
09/23/2022 | 08:06;09/23/2022 | 13:47;EVIO;Frota Capwatt;AA-99-AA;Others;José Silva;CAP_SON_MAI_00001;Maia;340,85;23,43;5,826;0;340,85;-;-;-;-;0,02;-;-;-;-;-;-;-;-;-;6,82;23;8,39;TOPROCESS
09/17/2022 | 16:30;09/17/2022 | 16:52;EVIO;Frota Capwatt;AA-99-AA;Others;José Silva;CAP_SON_MAI_00002;Maia;22,267;36,38;9,046;0;22,267;-;-;-;-;0,02;-;-;-;-;-;-;-;-;-;0,45;23;0,55;TOPROCESS
09/16/2022 | 08:23;09/16/2022 | 08:43;EVIO;Frota Capwatt;AA-99-AA;Others;José Silva;CAP_SON_MAI_00002;Maia;19,767;29,2;7,2607;0;19,767;-;-;-;-;0,02;-;-;-;-;-;-;-;-;-;0,4;23;0,49;TOPROCESS
09/13/2022 | 15:43;09/13/2022 | 19:03;EVIO;Frota Capwatt;AA-99-AA;Others;José Silva;CAP_SON_MAI_00001;Maia;200;23,77;5,9105;0;200;-;-;-;-;0,02;-;-;-;-;-;-;-;-;-;4;23;4,92;TOPROCESS
09/13/2022 | 12:43;09/13/2022 | 13:16;EVIO;Frota Capwatt;AA-99-AA;Others;José Silva;CAP_SON_MAI_00002;Maia;33,2;42,59;10,5902;0;33,2;-;-;-;-;0,02;-;-;-;-;-;-;-;-;-;0,66;23;0,81;TOPROCESS
09/12/2022 | 09:24;09/12/2022 | 12:36;EVIO;Frota Capwatt;AA-99-AA;Others;José Silva;CAP_SON_MAI_00001;Maia;192,15;22,74;5,6544;0;192,15;-;-;-;-;0,02;-;-;-;-;-;-;-;-;-;3,84;23;4,72;TOPROCESS
09/08/2022 | 20:43;09/08/2022 | 20:52;EVIO;Frota Capwatt;AA-99-AA;Others;José Silva;CAP_SON_MAI_00002;Maia;9,3;8,55;2,126;0;9,3;-;-;-;-;0,02;-;-;-;-;-;-;-;-;-;0,19;23;0,23;TOPROCESS
09/08/2022 | 15:01;09/08/2022 | 16:44;EVIO;Frota Capwatt;AA-99-AA;Others;José Silva;CAP_SON_MAI_00004;Maia;102,55;18,7;4,6498;0;102,55;-;-;-;-;0,02;-;-;-;-;-;-;-;-;-;2,05;23;2,52;TOPROCESS
08/22/2022 | 16:08;08/22/2022 | 18:57;EVIO;Frota Capwatt;AA-99-AA;Others;José Silva;CAP_SON_MAI_00010;Moreira;168,917;32,42;8,0613;0;168,917;-;-;-;-;0,015;-;0,005;-;-;-;-;-;-;-;2,53;23;3,11;TOPROCESS
08/17/2022 | 09:09;08/17/2022 | 18:28;EVIO;Frota Capwatt;AA-99-AA;Others;José Silva;CAP_SON_MAI_00010;Moreira;558,3;41,17;10,2371;0;558,3;-;-;-;-;0,015;-;0,005;-;-;-;-;-;-;-;8,37;23;10,3;TOPROCESS
08/05/2022 | 08:57;08/05/2022 | 14:07;EVIO;Frota Capwatt;AA-99-AA;Others;José Silva;CAP_SON_MAI_00010;Moreira;309,433;40,99;10,1923;0;309,433;-;-;-;-;0,015;-;0,005;-;-;-;-;-;-;-;4,64;23;5,71;TOPROCESS
08/03/2022 | 08:53;08/03/2022 | 14:29;EVIO;Frota Capwatt;AA-99-AA;Others;José Silva;CAP_SON_MAI_00010;Moreira;335,567;36,51;9,0783;0;335,567;-;-;-;-;0,015;-;0,005;-;-;-;-;-;-;-;5,03;23;6,19;TOPROCESS
08/03/2022 | 08:52;08/03/2022 | 08:53;EVIO;Frota Capwatt;AA-99-AA;Others;José Silva;CAP_SON_MAI_00010;Moreira;0,3;0;0;0;0,3;-;-;-;-;0,015;-;0,005;-;-;-;-;-;-;-;0;23;0;TOPROCESS
08/01/2022 | 08:51;08/01/2022 | 15:42;EVIO;Frota Capwatt;AA-99-AA;Others;José Silva;CAP_SON_MAI_00010;Moreira;410,717;40,61;10,0978;0;410,717;-;-;-;-;0,015;-;0,005;-;-;-;-;-;-;-;6,16;23;7,58;TOPROCESS
07/20/2022 | 22:44;07/20/2022 | 23:05;EVIO;Frota Capwatt;AA-99-AA;Others;José Silva;CAP_SON_MAI_00002;Maia;20,95;32,83;8,1633;0;20,95;-;-;-;-;0,02;-;-;-;-;-;-;-;-;-;0,42;23;0,52;TOPROCESS
07/20/2022 | 06:36;07/20/2022 | 06:58;EVIO;Frota Capwatt;AA-99-AA;Others;José Silva;CAP_SON_MAI_00002;Maia;21,933;13,04;3,2424;0;21,933;-;-;-;-;0,02;-;-;-;-;-;-;-;-;-;0,44;23;0,54;TOPROCESS
07/19/2022 | 15:23;07/19/2022 | 20:50;EVIO;Frota Capwatt;AA-99-AA;Others;José Silva;CAP_SON_MAI_00003;Maia;327,283;30,419;7,5638;0;327,283;-;-;-;-;0,02;-;-;-;-;-;-;-;-;-;6,55;23;8,06;TOPROCESS
07/14/2022 | 20:31;07/14/2022 | 20:31;EVIO;Frota Capwatt;AA-99-AA;Others;José Silva;CAP_SON_MAI_00002;-;0,017;0;0;0;0,017;-;-;-;-;-;-;-;-;-;-;-;-;-;-;0;23;0;NOTAPPLICABLE
07/01/2022 | 18:44;07/01/2022 | 18:44;EVIO;Frota Capwatt;AA-99-AA;Others;José Silva;CAP_SON_MAI_00002;-;0,033;0;0;0;0,033;-;-;-;-;-;-;-;-;-;-;-;-;-;-;0;23;0;NOTAPPLICABLE
07/01/2022 | 18:43;07/01/2022 | 18:43;EVIO;Frota Capwatt;AA-99-AA;Others;José Silva;CAP_SON_MAI_00002;-;0,05;0;0;0;0,05;-;-;-;-;-;-;-;-;-;-;-;-;-;-;0;23;0;NOTAPPLICABLE
07/01/2022 | 09:33;07/01/2022 | 09:33;EVIO;Frota Capwatt;AA-99-AA;Others;José Silva;CAP_SON_MAI_00001;-;0,183;0;0;0;0,183;-;-;-;-;-;-;-;-;-;-;-;-;-;-;0;23;0;NOTAPPLICABLE
06/15/2022 | 18:51;06/15/2022 | 18:57;EVIO;Frota Capwatt;AA-99-AA;Others;José Silva;CAP_SON_MAI_00002;Maia;6,167;3,48;0,8653;0;6,167;-;-;-;-;5;-;-;-;-;-;-;-;-;-;30,83;23;37,92;TOPROCESS
06/15/2022 | 18:37;06/15/2022 | 18:49;EVIO;Frota Capwatt;AA-99-AA;Others;José Silva;CAP_SON_MAI_00002;Maia;12,1;14,34;3,5657;0;12,1;-;-;-;-;5;-;-;-;-;-;-;-;-;-;60,5;23;74,42;TOPROCESS
06/15/2022 | 15:08;06/15/2022 | 15:51;EVIO;Frota Capwatt;AA-99-AA;Others;José Silva;CAP_SON_MAI_00002;Maia;43,467;41,18;10,2396;0;43,467;-;-;-;-;5;-;-;-;-;-;-;-;-;-;217,33;23;267,32;TOPROCESS
06/07/2022 | 13:52;06/07/2022 | 17:36;EVIO;Frota Capwatt;AA-99-AA;Others;José Silva;CAP_SON_MAI_00004;Maia;224,517;40,19;9,9934;0;224,517;-;-;-;-;0,02;-;-;-;-;-;-;-;-;-;4,49;23;5,52;TOPROCESS
